Direccion,Ciudad,Departamento,postal_code,Pais
100 St George St,Toronto,Ontario,M5S 3G3,Canada
55 Harbord St,Toronto,Ontario,M5S 2W6,Canada,Gina
191 College St,Toronto,Ontario,M5T 1P9,Canada,Alvie
585 University Ave,Toronto,Ontario,M5G 2N2,Canada,Yul
444 Yonge St,Toronto,Ontario,M5B 2H4,Canada,Lavinie
121 Dundas St W,Toronto,Ontario,M5G 1C4,Canada,Alexandra
100 Queen St W,Toronto,Ontario,M5H 2N2,Canada,Elbert
483 Bay St,Toronto,Ontario,M5G 2C9,Canada,Katherina
201 Winchester St,Toronto,Ontario,M4X 1B8,Canada,Arman
288 Bremner Blvd,Toronto,Ontario,M5V 3L9,Canada,Magdaia
790 Queen St W,Toronto,Ontario,M6J 1G3,Canada,Ethan
55 Mill St,Toronto,Ontario,M5A 3C4,Canada,Pearline
640 Dundas St E,Toronto,Ontario,M5A 2B9,Canada,Carley
111 Richmond St W #12,Toronto,Ontario,M5H 2G4,Canada,Dawn
589 Queen St W Unit 4,Toronto,Ontario,M5V 2B7,Canada,Alyosha
890 King St W,Toronto,Ontario,M5V 1P2,Canada,Maurits
85 Hanna Ave #104,Toronto,Ontario,M6K 3S3,Canada,Osbourne
1479 Dundas St W,Toronto,Ontario,M6J 1Y8,Canada,Tracy
878 Bloor St W,Toronto,Ontario,M6G 1M5,Canada,Auguste
200 Christie St,Toronto,Ontario,M6G 3B6,Canada,Juieta
840 Dupont St,Toronto,Ontario,M6G 1Z8,Canada,Bobinette
1246 Shaw St,Toronto,Ontario,M6G 3P1,Canada,Loralyn
600 Bloor St W,Toronto,Ontario,M6G 1K4,Canada,Ganny
55 Harbord St,Toronto,Ontario,M5S 2W6,Canada,Rani
431 College St,Toronto,Ontario,M5T 1T1,Canada,Marco
14 Madison Ave,Toronto,Ontario,M5R 2S1,Canada,Shara
314 Queen St W,Toronto,Ontario,M5V 2A2,Canada,Farlee